{"Jeremy Hill": 70.58823529411765, "Giovani Bernard": 71.42857142857143}